sneaker_image,sneaker_title,price
https://image.goat.com/750/attachments/product_template_pictures/images/064/831/727/original/ML574NS2.png.png,Sneakersnstuff x 574 'Nature'," ? 13,688.00 "
https://image.goat.com/750/attachments/product_template_pictures/images/002/319/555/original/501_161792_01.png,Mita Sneakers x N900 'Apertivo'," ? 39,482.00 "
https://culture-cirlce-static-dge7g8b8eue6fvcv.z02.azurefd.net/products/bneba57sngr/bneba57sngr_photo1.jpeg,New Balance 574 Sneakers Grey," ? 7,798.00 "
https://culture-cirlce-static-dge7g8b8eue6fvcv.z02.azurefd.net/products/bneba57snma/bneba57snma_photo1.png,New Balance 574 Sneakers Red," ? 6,568.00 "
https://image.goat.com/transform/v1/attachments/product_template_pictures/images/045/025/808/original/ML574JHS.png.png?action=crop&width=950,New Balance 574 Sneakers Blue," ? 6,798.00 "
https://culture-cirlce-static-dge7g8b8eue6fvcv.z02.azurefd.net/products/bneba57snpi/bneba57snpi_photo1.png,New Balance 574 Sneakers Pink," ? 9,268.00 "
https://hypefly.co.in/_next/image?url=https%3A%2F%2Fdjm0962033frr.cloudfront.net%2F933124_01_jpg_29d243f109.webp&w=1080&q=70,New Balance 2002 Sneakers 'Beige'," ? 9,268.00 "
https://culture-cirlce-static-dge7g8b8eue6fvcv.z02.azurefd.net/products/production/goalalmcwmovsnpablshwh/goalalmcwmovsnpablshwh_photo1.png,Alexander McQueen Wmns Oversized Sneakers 'Paris Blue'," ? 38,870.00 "
https://image.goat.com/750/attachments/product_template_pictures/images/081/598/094/original/2EE378_3LJ6_F0964.png.png,Prada Leather Sneakers 'Black'," ? 96,623.00 "
https://hypefly.co.in/_next/image?url=https%3A%2F%2Fdjm0962033frr.cloudfront.net%2F998579_01_jpg_c49c44dc85.webp&w=1080&q=70,Lanvin Curb Sneakers 'White'," ? 58,768.00 "
https://image.goat.com/750/attachments/product_template_pictures/images/088/735/793/original/8061880.png.png,Burberry Check Sneakers 'Vintage Check - Archive Beige'," ? 66,977.00 "
https://image.goat.com/750/attachments/product_template_pictures/images/096/465/490/original/1304493_00.png.png,Burberry Check Cotton Sneakers 'Archive Beige'," ? 66,257.00 "
https://culture-cirlce-static-dge7g8b8eue6fvcv.z02.azurefd.net/products/puxemrssn/puxemrssn_photo1.jpg,Puma X Emoji RsX³ Sneakers," ? 13,589.00 "
https://culture-cirlce-static-dge7g8b8eue6fvcv.z02.azurefd.net/products/production/govavacrsnsabrshbr/govavacrsnsabrshbr_photo1.png,Valentino Crochet Sneakers 'Saddle Brown'," ? 50,606.00 "
https://hypefly.co.in/_next/image?url=https%3A%2F%2Fdjm0962033frr.cloudfront.net%2F1122344_01_jpg_40a1869440.webp&w=1080&q=70,Lanvin Curb Sneakers 'Pink'," ? 58,768.00 "
https://culture-cirlce-static-dge7g8b8eue6fvcv.z02.azurefd.net/products/production/govavacrsngrshgr/govavacrsngrshgr_photo1.png,Valentino Crochet Sneakers 'Grey'," ? 86,539.00 "
https://image.goat.com/750/attachments/product_template_pictures/images/081/598/093/original/2EE378_3LJ6_F0632.png.png,Prada Leather Sneakers 'Black'," ? 74,699.00 "
https://culture-cirlce-static-dge7g8b8eue6fvcv.z02.azurefd.net/products/production/bneba57snna/bneba57snna_photo1.png,New Balance 574 Sneakers Navy," ? 5,668.00 "
https://image.goat.com/750/attachments/product_template_pictures/images/081/940/718/original/FW_SKDK02_STUD_P22_00M2.png.png,Lanvin Wmns Curb Sneakers 'Graffiti'," ? 56,060.00 "
https://image.goat.com/750/attachments/product_template_pictures/images/054/657/931/original/4E3492_3V98_F0964.png.png,Prada Knit Fabric Sneakers 'Black'," ? 74,798.00 "
https://culture-cirlce-static-dge7g8b8eue6fvcv.z02.azurefd.net/products/production/govavacrsnblshbl/govavacrsnblshbl_photo1.png,Valentino Crochet Sneakers 'Black'," ? 81,179.00 "
https://culture-cirlce-static-dge7g8b8eue6fvcv.z02.azurefd.net/products/production/govavacrsnorzeshor/govavacrsnorzeshor_photo1.png,Valentino Crochet Sneakers 'Orange Zest'," ? 59,768.00 "
https://image.goat.com/750/attachments/product_template_pictures/images/079/745/738/original/697600_WIBNI_9757.png.png,Alexander Mcqueen Wmns Oversized Sneakers 'White Fluo Pink'," ? 75,725.00 "
https://culture-cirlce-static-dge7g8b8eue6fvcv.z02.azurefd.net/products/production/govavacrsnyeshye/govavacrsnyeshye_photo1.png,Valentino Crochet Sneakers 'Yellow'," ? 75,212.00 "
https://image.goat.com/750/attachments/product_template_pictures/images/069/769/373/original/1A8J2Q.png.png,Louis Vuitton Abueline Sneakers 'Black Orange'," ? 93,743.00 "
https://image.goat.com/750/attachments/product_template_pictures/images/081/213/720/original/2EE378_3LJ6_F0009.png.png,Prada Leather Sneakers 'White'," ? 1,55,105.00 "
https://culture-cirlce-static-dge7g8b8eue6fvcv.z02.azurefd.net/products/production/govavacrsnmucoshmu/govavacrsnmucoshmu_photo1.png,Valentino Crochet Sneakers 'Multicolor'," ? 74,384.00 "
https://image.goat.com/750/attachments/product_template_pictures/images/088/326/340/original/FM_SKIK00_VESU_E231900.png.png,Lanvin Flash-X Sneakers 'White Blue'," ? 51,533.00 "
https://image.goat.com/750/attachments/product_template_pictures/images/041/669/504/original/4E3198_OQ6_F073A.png.png,Prada Technical Fabric Logo Sneakers 'Blue'," ? 76,958.00 "
https://image.goat.com/750/attachments/product_template_pictures/images/096/096/569/original/FW_SKDK02_WOOL_H23841.png.png,Lanvin Wmns Curb Sneakers 'Honey', N/A 
https://image.goat.com/750/attachments/product_template_pictures/images/090/751/514/original/4M002_40_M3457_001.png.png,Moncler Trailgrip Lite 2 Sneakers 'Optical White', N/A 
https://image.goat.com/750/attachments/product_template_pictures/images/101/972/895/original/1412394_00.png.png,Lanvin Curb Sneakers 'Speckled Effect - Brown', N/A 
https://image.goat.com/750/attachments/product_template_pictures/images/084/092/293/original/FM_SKRK11_DOTS_P2310.png.png,Lanvin Curb Sneakers 'Black', N/A 
https://image.goat.com/750/attachments/product_template_pictures/images/100/860/555/original/1398307_00.png.png,Lanvin Wmns Curb Sneakers 'Crinkled Metallic Leather', N/A 
https://image.goat.com/750/attachments/product_template_pictures/images/092/680/105/original/FM_SKRK11_PTCA_A22442.png.png,Lanvin Curb Sneakers 'Bottle Green Python', N/A 
https://image.goat.com/750/attachments/product_template_pictures/images/079/923/993/original/FM_SKIK00_MEFR_E2200.png.png,Lanvin Flash-X Sneakers 'White', N/A 
https://image.goat.com/750/attachments/product_template_pictures/images/091/776/485/original/1017751_00.png.png,Lanvin Curb Sneakers 'White Khaki', N/A 
https://image.goat.com/750/attachments/product_template_pictures/images/092/636/051/original/FW_SKDK02_SPEC_E23M9.png.png,Lanvin Wmns Curb Sneakers 'Metallic Silver', N/A 
https://image.goat.com/750/attachments/product_template_pictures/images/096/506/855/original/8069089.png.png,Burberry Check Panelled Sneakers 'Natural White Archive Beige', N/A 
https://image.goat.com/750/attachments/product_template_pictures/images/101/747/965/original/FM_SKRK11_DRAG_A20011.png.png,Lanvin Curb Sneakers 'Vanille', N/A 
https://image.goat.com/750/attachments/product_template_pictures/images/087/385/443/original/8064282.png.png,Burberry Vintage Check Sneakers 'Dark Birch Brown', N/A 
https://image.goat.com/750/attachments/product_template_pictures/images/096/096/557/original/FM_SKRK11_USED_H23M210.png.png,Lanvin Curb Sneakers 'Vintage Silver Black', N/A 
https://image.goat.com/750/attachments/product_template_pictures/images/087/245/230/original/FW_SKIK00_VESU_E23CS.png.png,Lanvin Wmns Flash-X Sneakers 'Cherry Sand', N/A 
https://image.goat.com/750/attachments/product_template_pictures/images/087/385/444/original/8065435.png.png,Burberry Check Sneakers 'Logo Embossed - Black Mesh', N/A 
https://image.goat.com/750/attachments/product_template_pictures/images/084/092/290/original/FM_SKIK00_MEFR_P23M2.png.png,Lanvin Flash-X Sneakers 'Silver Grey', N/A 
https://image.goat.com/750/attachments/product_template_pictures/images/087/385/441/original/8060621.png.png,Burberry Check Sneakers 'Dark Charcoal Blue', N/A 
https://image.goat.com/750/attachments/product_template_pictures/images/091/445/654/original/FW_SKDK02_DEST_A2300.png.png,Lanvin Wmns Curb Sneakers 'Distressed - White Black', N/A 
https://image.goat.com/750/attachments/product_template_pictures/images/100/773/819/original/1258187_00.png.png,Lanvin Wmns Curb Sneakers 'Watermelon', N/A 
https://image.goat.com/750/attachments/product_template_pictures/images/079/923/996/original/FM_SKIK00_MEFR_E22201.png.png,Lanvin Flash-X Sneakers 'Blue', N/A 
https://image.goat.com/750/attachments/product_template_pictures/images/064/831/727/original/ML574NS2.png.png,Sneakersnstuff x 574 'Nature'," ? 13,688.00 "
https://image.goat.com/750/attachments/product_template_pictures/images/002/319/555/original/501_161792_01.png,Mita Sneakers x N900 'Apertivo'," ? 39,482.00 "
https://culture-cirlce-static-dge7g8b8eue6fvcv.z02.azurefd.net/products/bneba57sngr/bneba57sngr_photo1.jpeg,New Balance 574 Sneakers Grey," ? 7,798.00 "
https://culture-cirlce-static-dge7g8b8eue6fvcv.z02.azurefd.net/products/bneba57snma/bneba57snma_photo1.png,New Balance 574 Sneakers Red," ? 6,568.00 "
https://image.goat.com/transform/v1/attachments/product_template_pictures/images/045/025/808/original/ML574JHS.png.png?action=crop&width=950,New Balance 574 Sneakers Blue," ? 6,798.00 "
https://culture-cirlce-static-dge7g8b8eue6fvcv.z02.azurefd.net/products/bneba57snpi/bneba57snpi_photo1.png,New Balance 574 Sneakers Pink," ? 9,268.00 "
https://hypefly.co.in/_next/image?url=https%3A%2F%2Fdjm0962033frr.cloudfront.net%2F933124_01_jpg_29d243f109.webp&w=1080&q=70,New Balance 2002 Sneakers 'Beige'," ? 9,268.00 "
https://culture-cirlce-static-dge7g8b8eue6fvcv.z02.azurefd.net/products/production/goalalmcwmovsnpablshwh/goalalmcwmovsnpablshwh_photo1.png,Alexander McQueen Wmns Oversized Sneakers 'Paris Blue'," ? 38,870.00 "
https://image.goat.com/750/attachments/product_template_pictures/images/081/598/094/original/2EE378_3LJ6_F0964.png.png,Prada Leather Sneakers 'Black'," ? 96,623.00 "
https://hypefly.co.in/_next/image?url=https%3A%2F%2Fdjm0962033frr.cloudfront.net%2F998579_01_jpg_c49c44dc85.webp&w=1080&q=70,Lanvin Curb Sneakers 'White'," ? 58,768.00 "
https://image.goat.com/750/attachments/product_template_pictures/images/088/735/793/original/8061880.png.png,Burberry Check Sneakers 'Vintage Check - Archive Beige'," ? 66,977.00 "
https://image.goat.com/750/attachments/product_template_pictures/images/096/465/490/original/1304493_00.png.png,Burberry Check Cotton Sneakers 'Archive Beige'," ? 66,257.00 "
https://culture-cirlce-static-dge7g8b8eue6fvcv.z02.azurefd.net/products/puxemrssn/puxemrssn_photo1.jpg,Puma X Emoji RsX³ Sneakers," ? 13,589.00 "
https://culture-cirlce-static-dge7g8b8eue6fvcv.z02.azurefd.net/products/production/govavacrsnsabrshbr/govavacrsnsabrshbr_photo1.png,Valentino Crochet Sneakers 'Saddle Brown'," ? 50,606.00 "
https://hypefly.co.in/_next/image?url=https%3A%2F%2Fdjm0962033frr.cloudfront.net%2F1122344_01_jpg_40a1869440.webp&w=1080&q=70,Lanvin Curb Sneakers 'Pink'," ? 58,768.00 "
https://culture-cirlce-static-dge7g8b8eue6fvcv.z02.azurefd.net/products/production/govavacrsngrshgr/govavacrsngrshgr_photo1.png,Valentino Crochet Sneakers 'Grey'," ? 86,539.00 "
https://image.goat.com/750/attachments/product_template_pictures/images/081/598/093/original/2EE378_3LJ6_F0632.png.png,Prada Leather Sneakers 'Black'," ? 74,699.00 "
https://culture-cirlce-static-dge7g8b8eue6fvcv.z02.azurefd.net/products/production/bneba57snna/bneba57snna_photo1.png,New Balance 574 Sneakers Navy," ? 5,668.00 "
https://image.goat.com/750/attachments/product_template_pictures/images/081/940/718/original/FW_SKDK02_STUD_P22_00M2.png.png,Lanvin Wmns Curb Sneakers 'Graffiti'," ? 56,060.00 "
https://image.goat.com/750/attachments/product_template_pictures/images/054/657/931/original/4E3492_3V98_F0964.png.png,Prada Knit Fabric Sneakers 'Black'," ? 74,798.00 "
https://culture-cirlce-static-dge7g8b8eue6fvcv.z02.azurefd.net/products/production/govavacrsnblshbl/govavacrsnblshbl_photo1.png,Valentino Crochet Sneakers 'Black'," ? 81,179.00 "
https://culture-cirlce-static-dge7g8b8eue6fvcv.z02.azurefd.net/products/production/govavacrsnorzeshor/govavacrsnorzeshor_photo1.png,Valentino Crochet Sneakers 'Orange Zest'," ? 59,768.00 "
https://image.goat.com/750/attachments/product_template_pictures/images/079/745/738/original/697600_WIBNI_9757.png.png,Alexander Mcqueen Wmns Oversized Sneakers 'White Fluo Pink'," ? 75,725.00 "
https://culture-cirlce-static-dge7g8b8eue6fvcv.z02.azurefd.net/products/production/govavacrsnyeshye/govavacrsnyeshye_photo1.png,Valentino Crochet Sneakers 'Yellow'," ? 75,212.00 "
https://image.goat.com/750/attachments/product_template_pictures/images/069/769/373/original/1A8J2Q.png.png,Louis Vuitton Abueline Sneakers 'Black Orange'," ? 93,743.00 "
https://image.goat.com/750/attachments/product_template_pictures/images/081/213/720/original/2EE378_3LJ6_F0009.png.png,Prada Leather Sneakers 'White'," ? 1,55,105.00 "
https://culture-cirlce-static-dge7g8b8eue6fvcv.z02.azurefd.net/products/production/govavacrsnmucoshmu/govavacrsnmucoshmu_photo1.png,Valentino Crochet Sneakers 'Multicolor'," ? 74,384.00 "
https://image.goat.com/750/attachments/product_template_pictures/images/088/326/340/original/FM_SKIK00_VESU_E231900.png.png,Lanvin Flash-X Sneakers 'White Blue'," ? 51,533.00 "
https://image.goat.com/750/attachments/product_template_pictures/images/041/669/504/original/4E3198_OQ6_F073A.png.png,Prada Technical Fabric Logo Sneakers 'Blue'," ? 76,958.00 "
https://image.goat.com/750/attachments/product_template_pictures/images/096/096/569/original/FW_SKDK02_WOOL_H23841.png.png,Lanvin Wmns Curb Sneakers 'Honey', N/A 
https://image.goat.com/750/attachments/product_template_pictures/images/090/751/514/original/4M002_40_M3457_001.png.png,Moncler Trailgrip Lite 2 Sneakers 'Optical White', N/A 
https://image.goat.com/750/attachments/product_template_pictures/images/101/972/895/original/1412394_00.png.png,Lanvin Curb Sneakers 'Speckled Effect - Brown', N/A 
https://image.goat.com/750/attachments/product_template_pictures/images/084/092/293/original/FM_SKRK11_DOTS_P2310.png.png,Lanvin Curb Sneakers 'Black', N/A 
https://image.goat.com/750/attachments/product_template_pictures/images/100/860/555/original/1398307_00.png.png,Lanvin Wmns Curb Sneakers 'Crinkled Metallic Leather', N/A 
https://image.goat.com/750/attachments/product_template_pictures/images/092/680/105/original/FM_SKRK11_PTCA_A22442.png.png,Lanvin Curb Sneakers 'Bottle Green Python', N/A 
https://image.goat.com/750/attachments/product_template_pictures/images/079/923/993/original/FM_SKIK00_MEFR_E2200.png.png,Lanvin Flash-X Sneakers 'White', N/A 
https://image.goat.com/750/attachments/product_template_pictures/images/091/776/485/original/1017751_00.png.png,Lanvin Curb Sneakers 'White Khaki', N/A 
https://image.goat.com/750/attachments/product_template_pictures/images/092/636/051/original/FW_SKDK02_SPEC_E23M9.png.png,Lanvin Wmns Curb Sneakers 'Metallic Silver', N/A 
https://image.goat.com/750/attachments/product_template_pictures/images/096/506/855/original/8069089.png.png,Burberry Check Panelled Sneakers 'Natural White Archive Beige', N/A 
https://image.goat.com/750/attachments/product_template_pictures/images/101/747/965/original/FM_SKRK11_DRAG_A20011.png.png,Lanvin Curb Sneakers 'Vanille', N/A 
https://image.goat.com/750/attachments/product_template_pictures/images/087/385/443/original/8064282.png.png,Burberry Vintage Check Sneakers 'Dark Birch Brown', N/A 
https://image.goat.com/750/attachments/product_template_pictures/images/096/096/557/original/FM_SKRK11_USED_H23M210.png.png,Lanvin Curb Sneakers 'Vintage Silver Black', N/A 
https://image.goat.com/750/attachments/product_template_pictures/images/087/245/230/original/FW_SKIK00_VESU_E23CS.png.png,Lanvin Wmns Flash-X Sneakers 'Cherry Sand', N/A 
https://image.goat.com/750/attachments/product_template_pictures/images/087/385/444/original/8065435.png.png,Burberry Check Sneakers 'Logo Embossed - Black Mesh', N/A 
https://image.goat.com/750/attachments/product_template_pictures/images/084/092/290/original/FM_SKIK00_MEFR_P23M2.png.png,Lanvin Flash-X Sneakers 'Silver Grey', N/A 
https://image.goat.com/750/attachments/product_template_pictures/images/087/385/441/original/8060621.png.png,Burberry Check Sneakers 'Dark Charcoal Blue', N/A 
https://image.goat.com/750/attachments/product_template_pictures/images/091/445/654/original/FW_SKDK02_DEST_A2300.png.png,Lanvin Wmns Curb Sneakers 'Distressed - White Black', N/A 
https://image.goat.com/750/attachments/product_template_pictures/images/100/773/819/original/1258187_00.png.png,Lanvin Wmns Curb Sneakers 'Watermelon', N/A 
https://image.goat.com/750/attachments/product_template_pictures/images/079/923/996/original/FM_SKIK00_MEFR_E22201.png.png,Lanvin Flash-X Sneakers 'Blue', N/A 
https://img.stadiumgoods.com/new-balance-9060-eclipse-navy_21299067_47104548_1000.jpg,NEW BALANCE 9060 'SUEDE AND MESH SNEAKERS'," ? 15,165.00 "
